now,global,user_1,user_2,user_3,user_4,user_5
0.6475270047110225,0,0,0,0,0,0
0.6475270047110225,1,0,0,0,0,0
0.6475270047110225,1,0,0,0,0,0
2.1764773083269877,1,0,0,0,0,0
2.1764773083269877,2,0,0,0,0,0
2.1764773083269877,2,0,0,0,0,0
4.112278551735408,2,0,0,0,0,0
4.112278551735408,3,0,0,0,0,0
4.112278551735408,3,0,0,0,0,0
5.77652469682941,3,0,0,0,0,0
5.77652469682941,4,0,0,0,0,0
5.77652469682941,0,1,0,1,1,1
6.800835144897773,0,1,0,1,1,1
6.800835144897773,1,1,0,1,1,1
6.800835144897773,1,1,0,1,1,1
7.5139630327931,1,1,0,1,1,1
7.5139630327931,1,0,0,1,1,1
7.5139630327931,1,0,0,1,1,1
7.8607122035498485,1,0,0,1,1,1
7.8607122035498485,2,0,0,1,1,1
7.8607122035498485,2,0,0,1,1,1
8.238246569126519,2,0,0,1,1,1
8.238246569126519,3,0,0,1,1,1
8.238246569126519,3,0,0,1,1,1
8.323948864637739,3,0,0,1,1,1
8.323948864637739,3,0,0,0,1,1
8.323948864637739,3,0,0,0,1,1
8.45096159539225,3,0,0,0,1,1
8.45096159539225,3,0,0,0,1,0
8.45096159539225,3,0,0,0,1,0
8.897934695297309,3,0,0,0,1,0
8.897934695297309,3,0,0,0,0,0
8.897934695297309,3,0,0,0,0,0
9.261323173411537,3,0,0,0,0,0
9.261323173411537,4,0,0,0,0,0
9.261323173411537,0,1,1,0,1,1
9.343258004228225,0,1,1,0,1,1
9.343258004228225,1,1,1,0,1,1
9.343258004228225,1,1,1,0,1,1
9.365846014763678,1,1,1,0,1,1
9.365846014763678,2,1,1,0,1,1
9.365846014763678,2,1,1,0,1,1
9.45548101163748,2,1,1,0,1,1
9.45548101163748,3,1,1,0,1,1
9.45548101163748,3,1,1,0,1,1
10.831988120519593,3,1,1,0,1,1
10.831988120519593,3,1,1,0,0,1
10.831988120519593,3,1,1,0,0,1
11.574657047853872,3,1,1,0,0,1
11.574657047853872,4,1,1,0,0,1
11.574657047853872,0,2,2,0,1,2
11.702336999533154,0,2,2,0,1,2
11.702336999533154,0,2,2,0,1,1
11.702336999533154,0,2,2,0,1,1
12.105156259888703,0,2,2,0,1,1
12.105156259888703,0,1,2,0,1,1
12.105156259888703,0,1,2,0,1,1
12.56006951557222,0,1,2,0,1,1
12.56006951557222,0,1,1,0,1,1
12.56006951557222,0,1,1,0,1,1
12.766843931999361,0,1,1,0,1,1
12.766843931999361,1,1,1,0,1,1
12.766843931999361,1,1,1,0,1,1
13.449548161647957,1,1,1,0,1,1
13.449548161647957,1,1,1,0,1,0
13.449548161647957,1,1,1,0,1,0
14.160672664377518,1,1,1,0,1,0
14.160672664377518,1,1,1,0,0,0
14.160672664377518,1,1,1,0,0,0
14.207559763683458,1,1,1,0,0,0
14.207559763683458,1,1,0,0,0,0
14.207559763683458,1,1,0,0,0,0
14.541872875637711,1,1,0,0,0,0
14.541872875637711,2,1,0,0,0,0
14.541872875637711,2,1,0,0,0,0
14.968084277313704,2,1,0,0,0,0
14.968084277313704,2,0,0,0,0,0
14.968084277313704,2,0,0,0,0,0
15.144658367970074,2,0,0,0,0,0
15.144658367970074,3,0,0,0,0,0
15.144658367970074,3,0,0,0,0,0
17.974278298335268,3,0,0,0,0,0
17.974278298335268,4,0,0,0,0,0
17.974278298335268,0,1,1,1,0,1
19.00917230205696,0,1,1,1,0,1
19.00917230205696,1,1,1,1,0,1
19.00917230205696,1,1,1,1,0,1
19.937162378877527,1,1,1,1,0,1
19.937162378877527,1,1,0,1,0,1
19.937162378877527,1,1,0,1,0,1
20.707124786310484,1,1,0,1,0,1
20.707124786310484,1,1,0,0,0,1
20.707124786310484,1,1,0,0,0,1
21.127400807327056,1,1,0,0,0,1
21.127400807327056,2,1,0,0,0,1
21.127400807327056,2,1,0,0,0,1
21.379411320963005,2,1,0,0,0,1
21.379411320963005,2,0,0,0,0,1
21.379411320963005,2,0,0,0,0,1
21.705120528252547,2,0,0,0,0,1
21.705120528252547,3,0,0,0,0,1
21.705120528252547,3,0,0,0,0,1
22.667127409084245,3,0,0,0,0,1
22.667127409084245,3,0,0,0,0,0
22.667127409084245,3,0,0,0,0,0
24.515235105486113,3,0,0,0,0,0
24.515235105486113,4,0,0,0,0,0
24.515235105486113,0,1,0,1,1,1
25.018752547912708,0,1,0,1,1,1
25.018752547912708,1,1,0,1,1,1
25.018752547912708,1,1,0,1,1,1
25.299403905770454,1,1,0,1,1,1
25.299403905770454,1,0,0,1,1,1
25.299403905770454,1,0,0,1,1,1
25.32468511922602,1,0,0,1,1,1
25.32468511922602,2,0,0,1,1,1
25.32468511922602,2,0,0,1,1,1
25.969799461991112,2,0,0,1,1,1
25.969799461991112,3,0,0,1,1,1
25.969799461991112,3,0,0,1,1,1
26.58750596280112,3,0,0,1,1,1
26.58750596280112,3,0,0,1,1,0
26.58750596280112,3,0,0,1,1,0
26.848943126111326,3,0,0,1,1,0
26.848943126111326,4,0,0,1,1,0
26.848943126111326,0,1,1,2,1,1
26.888134619000994,0,1,1,2,1,1
26.888134619000994,0,1,1,1,1,1
26.888134619000994,0,1,1,1,1,1
27.994959630821043,0,1,1,1,1,1
27.994959630821043,0,1,0,1,1,1
27.994959630821043,0,1,0,1,1,1
28.38439750668567,0,1,0,1,1,1
28.38439750668567,0,1,0,0,1,1
28.38439750668567,0,1,0,0,1,1
28.61380050865784,0,1,0,0,1,1
28.61380050865784,1,1,0,0,1,1
28.61380050865784,1,1,0,0,1,1
28.817390336906,1,1,0,0,1,1
28.817390336906,1,1,0,0,0,1
28.817390336906,1,1,0,0,0,1
29.077456063402824,1,1,0,0,0,1
29.077456063402824,1,1,0,0,0,0
29.077456063402824,1,1,0,0,0,0
29.561577367896128,1,1,0,0,0,0
29.561577367896128,2,1,0,0,0,0
29.561577367896128,2,1,0,0,0,0
30.098524229921114,2,1,0,0,0,0
30.098524229921114,2,0,0,0,0,0
30.098524229921114,2,0,0,0,0,0
30.261447117617806,2,0,0,0,0,0
30.261447117617806,3,0,0,0,0,0
30.261447117617806,3,0,0,0,0,0
30.295040180601863,3,0,0,0,0,0
30.295040180601863,4,0,0,0,0,0
30.295040180601863,0,1,0,1,1,1
30.39702221596241,0,1,0,1,1,1
30.39702221596241,1,1,0,1,1,1
30.39702221596241,1,1,0,1,1,1
30.494977945451716,1,1,0,1,1,1
30.494977945451716,2,1,0,1,1,1
30.494977945451716,2,1,0,1,1,1
31.886904130766137,2,1,0,1,1,1
31.886904130766137,2,1,0,0,1,1
31.886904130766137,2,1,0,0,1,1
32.29213496213184,2,1,0,0,1,1
32.29213496213184,2,1,0,0,0,1
32.29213496213184,2,1,0,0,0,1
32.3477274559738,2,1,0,0,0,1
32.3477274559738,2,0,0,0,0,1
32.3477274559738,2,0,0,0,0,1
33.31567425369333,2,0,0,0,0,1
33.31567425369333,3,0,0,0,0,1
33.31567425369333,3,0,0,0,0,1
33.54423930661423,3,0,0,0,0,1
33.54423930661423,4,0,0,0,0,1
33.54423930661423,0,1,1,0,1,2
34.084932336454365,0,1,1,0,1,2
34.084932336454365,0,1,1,0,1,1
34.084932336454365,0,1,1,0,1,1
34.22636873487029,0,1,1,0,1,1
34.22636873487029,1,1,1,0,1,1
34.22636873487029,1,1,1,0,1,1
34.23763979509579,1,1,1,0,1,1
34.23763979509579,2,1,1,0,1,1
34.23763979509579,2,1,1,0,1,1
34.99184034189232,2,1,1,0,1,1
34.99184034189232,2,1,1,0,1,0
34.99184034189232,2,1,1,0,1,0
35.27792703082476,2,1,1,0,1,0
35.27792703082476,2,1,1,0,0,0
35.27792703082476,2,1,1,0,0,0
35.35866214755419,2,1,1,0,0,0
35.35866214755419,3,1,1,0,0,0
35.35866214755419,3,1,1,0,0,0
35.589101433367375,3,1,1,0,0,0
35.589101433367375,4,1,1,0,0,0
35.589101433367375,0,1,2,1,1,1
35.670460773449804,0,1,2,1,1,1
35.670460773449804,0,1,1,1,1,1
35.670460773449804,0,1,1,1,1,1
35.982922447030454,0,1,1,1,1,1
35.982922447030454,0,0,1,1,1,1
35.982922447030454,0,0,1,1,1,1
37.13229192785883,0,0,1,1,1,1
37.13229192785883,0,0,1,1,1,0
37.13229192785883,0,0,1,1,1,0
37.37558604837323,0,0,1,1,1,0
37.37558604837323,0,0,1,1,0,0
37.37558604837323,0,0,1,1,0,0
38.48899624653807,0,0,1,1,0,0
38.48899624653807,0,0,1,0,0,0
38.48899624653807,0,0,1,0,0,0
38.82709893845254,0,0,1,0,0,0
38.82709893845254,0,0,0,0,0,0
38.82709893845254,0,0,0,0,0,0
39.91400011026938,0,0,0,0,0,0
39.91400011026938,1,0,0,0,0,0
39.91400011026938,1,0,0,0,0,0
39.92713825020921,1,0,0,0,0,0
39.92713825020921,2,0,0,0,0,0
39.92713825020921,2,0,0,0,0,0
41.69153205019945,2,0,0,0,0,0
41.69153205019945,3,0,0,0,0,0
41.69153205019945,3,0,0,0,0,0
42.948422202263124,3,0,0,0,0,0
42.948422202263124,4,0,0,0,0,0
42.948422202263124,0,1,1,1,1,0
43.988559334170965,0,1,1,1,1,0
43.988559334170965,0,1,1,0,1,0
43.988559334170965,0,1,1,0,1,0
44.54696624016312,0,1,1,0,1,0
44.54696624016312,0,0,1,0,1,0
44.54696624016312,0,0,1,0,1,0
44.926850626432156,0,0,1,0,1,0
44.926850626432156,1,0,1,0,1,0
44.926850626432156,1,0,1,0,1,0
45.06793279504008,1,0,1,0,1,0
45.06793279504008,2,0,1,0,1,0
45.06793279504008,2,0,1,0,1,0
45.22983118567801,2,0,1,0,1,0
45.22983118567801,3,0,1,0,1,0
45.22983118567801,3,0,1,0,1,0
45.875386035335616,3,0,1,0,1,0
45.875386035335616,3,0,1,0,0,0
45.875386035335616,3,0,1,0,0,0
46.320792771850485,3,0,1,0,0,0
46.320792771850485,4,0,1,0,0,0
46.320792771850485,0,1,2,1,0,1
46.59828538452079,0,1,2,1,0,1
46.59828538452079,1,1,2,1,0,1
46.59828538452079,1,1,2,1,0,1
46.6390686385581,1,1,2,1,0,1
46.6390686385581,1,1,1,1,0,1
46.6390686385581,1,1,1,1,0,1
46.85056698304372,1,1,1,1,0,1
46.85056698304372,2,1,1,1,0,1
46.85056698304372,2,1,1,1,0,1
48.365036025513646,2,1,1,1,0,1
48.365036025513646,3,1,1,1,0,1
48.365036025513646,3,1,1,1,0,1
48.68664580972199,3,1,1,1,0,1
48.68664580972199,3,1,0,1,0,1
48.68664580972199,3,1,0,1,0,1
48.995544397242625,3,1,0,1,0,1
48.995544397242625,3,1,0,0,0,1
48.995544397242625,3,1,0,0,0,1
49.40942743569464,3,1,0,0,0,1
49.40942743569464,3,0,0,0,0,1
49.40942743569464,3,0,0,0,0,1
49.98640364512763,3,0,0,0,0,1
49.98640364512763,3,0,0,0,0,0
49.98640364512763,3,0,0,0,0,0
50.15447078673963,3,0,0,0,0,0
50.15447078673963,4,0,0,0,0,0
50.15447078673963,0,0,1,1,1,1
50.88804218334632,0,0,1,1,1,1
50.88804218334632,1,0,1,1,1,1
50.88804218334632,1,0,1,1,1,1
51.620741536734094,1,0,1,1,1,1
51.620741536734094,2,0,1,1,1,1
51.620741536734094,2,0,1,1,1,1
52.305379431050206,2,0,1,1,1,1
52.305379431050206,2,0,1,1,1,0
52.305379431050206,2,0,1,1,1,0
52.390517571228706,2,0,1,1,1,0
52.390517571228706,2,0,1,1,0,0
52.390517571228706,2,0,1,1,0,0
53.32537494916709,2,0,1,1,0,0
53.32537494916709,2,0,0,1,0,0
53.32537494916709,2,0,0,1,0,0
53.88091286115562,2,0,0,1,0,0
53.88091286115562,3,0,0,1,0,0
53.88091286115562,3,0,0,1,0,0
53.98204946005378,3,0,0,1,0,0
53.98204946005378,3,0,0,0,0,0
53.98204946005378,3,0,0,0,0,0
55.957010439806254,3,0,0,0,0,0
55.957010439806254,4,0,0,0,0,0
55.957010439806254,0,1,1,1,0,1
56.56598918137177,0,1,1,1,0,1
56.56598918137177,1,1,1,1,0,1
56.56598918137177,1,1,1,1,0,1
56.80382931782506,1,1,1,1,0,1
56.80382931782506,2,1,1,1,0,1
56.80382931782506,2,1,1,1,0,1
57.15230514993641,2,1,1,1,0,1
57.15230514993641,3,1,1,1,0,1
57.15230514993641,3,1,1,1,0,1
57.39687974840136,3,1,1,1,0,1
57.39687974840136,4,1,1,1,0,1
57.39687974840136,0,1,2,2,1,2
57.91482084840571,0,1,2,2,1,2
57.91482084840571,0,1,1,2,1,2
57.91482084840571,0,1,1,2,1,2
58.094017378887074,0,1,1,2,1,2
58.094017378887074,0,1,1,1,1,2
58.094017378887074,0,1,1,1,1,2
58.26938717748078,0,1,1,1,1,2
58.26938717748078,0,1,1,1,1,1
58.26938717748078,0,1,1,1,1,1
58.700131779832006,0,1,1,1,1,1
58.700131779832006,0,1,1,1,0,1
58.700131779832006,0,1,1,1,0,1
58.786060703880736,0,1,1,1,0,1
58.786060703880736,0,0,1,1,0,1
58.786060703880736,0,0,1,1,0,1
59.21243908557185,0,0,1,1,0,1
59.21243908557185,1,0,1,1,0,1
59.21243908557185,1,0,1,1,0,1
59.2836994354106,1,0,1,1,0,1
59.2836994354106,2,0,1,1,0,1
59.2836994354106,2,0,1,1,0,1
59.49508368670571,2,0,1,1,0,1
59.49508368670571,3,0,1,1,0,1
59.49508368670571,3,0,1,1,0,1
59.65498033212662,3,0,1,1,0,1
59.65498033212662,4,0,1,1,0,1
59.65498033212662,0,1,2,2,0,2
59.79949560524235,0,1,2,2,0,2
59.79949560524235,0,1,1,2,0,2
59.79949560524235,0,1,1,2,0,2
59.807057256913566,0,1,1,2,0,2
59.807057256913566,0,1,1,2,0,1
59.807057256913566,0,1,1,2,0,1
60.664259629619806,0,1,1,2,0,1
60.664259629619806,0,1,1,1,0,1
60.664259629619806,0,1,1,1,0,1
60.694155375085934,0,1,1,1,0,1
60.694155375085934,1,1,1,1,0,1
60.694155375085934,1,1,1,1,0,1
61.36400088763421,1,1,1,1,0,1
61.36400088763421,1,0,1,1,0,1
61.36400088763421,1,0,1,1,0,1
61.49724000847671,1,0,1,1,0,1
61.49724000847671,2,0,1,1,0,1
61.49724000847671,2,0,1,1,0,1
61.808523115908145,2,0,1,1,0,1
61.808523115908145,2,0,1,0,0,1
61.808523115908145,2,0,1,0,0,1
62.97844259730513,2,0,1,0,0,1
62.97844259730513,2,0,1,0,0,0
62.97844259730513,2,0,1,0,0,0
63.23570343711843,2,0,1,0,0,0
63.23570343711843,2,0,0,0,0,0
63.23570343711843,2,0,0,0,0,0
64.1365281187127,2,0,0,0,0,0
64.1365281187127,3,0,0,0,0,0
64.1365281187127,3,0,0,0,0,0
64.37535506404178,3,0,0,0,0,0
64.37535506404178,4,0,0,0,0,0
64.37535506404178,0,1,0,1,1,1
65.15319345738496,0,1,0,1,1,1
65.15319345738496,1,1,0,1,1,1
65.15319345738496,1,1,0,1,1,1
65.8438502156418,1,1,0,1,1,1
65.8438502156418,1,0,0,1,1,1
65.8438502156418,1,0,0,1,1,1
65.90965554520193,1,0,0,1,1,1
65.90965554520193,1,0,0,0,1,1
65.90965554520193,1,0,0,0,1,1
66.49469825422068,1,0,0,0,1,1
66.49469825422068,2,0,0,0,1,1
66.49469825422068,2,0,0,0,1,1
66.82312255289605,2,0,0,0,1,1
66.82312255289605,2,0,0,0,1,0
66.82312255289605,2,0,0,0,1,0
67.04463901161535,2,0,0,0,1,0
67.04463901161535,2,0,0,0,0,0
67.04463901161535,2,0,0,0,0,0
67.07043625206803,2,0,0,0,0,0
67.07043625206803,3,0,0,0,0,0
67.07043625206803,3,0,0,0,0,0
70.07546970074021,3,0,0,0,0,0
70.07546970074021,4,0,0,0,0,0
70.07546970074021,0,1,0,1,1,1
70.37382130827012,0,1,0,1,1,1
70.37382130827012,1,1,0,1,1,1
70.37382130827012,1,1,0,1,1,1
71.19456711034422,1,1,0,1,1,1
71.19456711034422,1,1,0,1,1,0
71.19456711034422,1,1,0,1,1,0
71.26948147617406,1,1,0,1,1,0
71.26948147617406,1,0,0,1,1,0
71.26948147617406,1,0,0,1,1,0
71.96013868737144,1,0,0,1,1,0
71.96013868737144,1,0,0,0,1,0
71.96013868737144,1,0,0,0,1,0
73.61228875091955,1,0,0,0,1,0
73.61228875091955,1,0,0,0,0,0
73.61228875091955,1,0,0,0,0,0
74.77217943758093,1,0,0,0,0,0
74.77217943758093,2,0,0,0,0,0
74.77217943758093,2,0,0,0,0,0
74.81756207830766,2,0,0,0,0,0
74.81756207830766,3,0,0,0,0,0
74.81756207830766,3,0,0,0,0,0
75.97067172015936,3,0,0,0,0,0
75.97067172015936,4,0,0,0,0,0
75.97067172015936,0,0,1,1,1,1
76.73959234495139,0,0,1,1,1,1
76.73959234495139,1,0,1,1,1,1
76.73959234495139,1,0,1,1,1,1
77.4238478770723,1,0,1,1,1,1
77.4238478770723,2,0,1,1,1,1
77.4238478770723,2,0,1,1,1,1
78.01761732630614,2,0,1,1,1,1
78.01761732630614,2,0,0,1,1,1
78.01761732630614,2,0,0,1,1,1
78.76100122487897,2,0,0,1,1,1
78.76100122487897,2,0,0,1,0,1
78.76100122487897,2,0,0,1,0,1
79.32662201134288,2,0,0,1,0,1
79.32662201134288,2,0,0,1,0,0
79.32662201134288,2,0,0,1,0,0
79.78751346657629,2,0,0,1,0,0
79.78751346657629,2,0,0,0,0,0
79.78751346657629,2,0,0,0,0,0
79.89716799516269,2,0,0,0,0,0
79.89716799516269,3,0,0,0,0,0
79.89716799516269,3,0,0,0,0,0
80.04390888063129,3,0,0,0,0,0
80.04390888063129,4,0,0,0,0,0
80.04390888063129,0,1,0,1,1,1
80.1171094507216,0,1,0,1,1,1
80.1171094507216,1,1,0,1,1,1
80.1171094507216,1,1,0,1,1,1
80.2745455101177,1,1,0,1,1,1
80.2745455101177,2,1,0,1,1,1
80.2745455101177,2,1,0,1,1,1
80.61091351437678,2,1,0,1,1,1
80.61091351437678,3,1,0,1,1,1
80.61091351437678,3,1,0,1,1,1
81.76643084023375,3,1,0,1,1,1
81.76643084023375,3,1,0,0,1,1
81.76643084023375,3,1,0,0,1,1
82.07305971103736,3,1,0,0,1,1
82.07305971103736,4,1,0,0,1,1
82.07305971103736,0,1,1,1,2,2
82.07517729657556,0,1,1,1,2,2
82.07517729657556,0,1,1,1,1,2
82.07517729657556,0,1,1,1,1,2
82.16392407196827,0,1,1,1,1,2
82.16392407196827,0,1,1,1,1,1
82.16392407196827,0,1,1,1,1,1
82.72187067684419,0,1,1,1,1,1
82.72187067684419,0,0,1,1,1,1
82.72187067684419,0,0,1,1,1,1
83.21388821981942,0,0,1,1,1,1
83.21388821981942,1,0,1,1,1,1
83.21388821981942,1,0,1,1,1,1
83.81733670091953,1,0,1,1,1,1
83.81733670091953,1,0,0,1,1,1
83.81733670091953,1,0,0,1,1,1
83.95687705855599,1,0,0,1,1,1
83.95687705855599,2,0,0,1,1,1
83.95687705855599,2,0,0,1,1,1
84.44743210885883,2,0,0,1,1,1
84.44743210885883,2,0,0,0,1,1
84.44743210885883,2,0,0,0,1,1
84.64473215519442,2,0,0,0,1,1
84.64473215519442,2,0,0,0,0,1
84.64473215519442,2,0,0,0,0,1
85.19516625130754,2,0,0,0,0,1
85.19516625130754,2,0,0,0,0,0
85.19516625130754,2,0,0,0,0,0
86.41390265344339,2,0,0,0,0,0
86.41390265344339,3,0,0,0,0,0
86.41390265344339,3,0,0,0,0,0
87.60130950607308,3,0,0,0,0,0
87.60130950607308,4,0,0,0,0,0
87.60130950607308,0,1,1,1,0,1
89.48693548545232,0,1,1,1,0,1
89.48693548545232,0,0,1,1,0,1
89.48693548545232,0,0,1,1,0,1
89.66367989907492,0,0,1,1,0,1
89.66367989907492,0,0,0,1,0,1
89.66367989907492,0,0,0,1,0,1
90.0043909762836,0,0,0,1,0,1
90.0043909762836,0,0,0,0,0,1
90.0043909762836,0,0,0,0,0,1
90.26718619268223,0,0,0,0,0,1
90.26718619268223,0,0,0,0,0,0
90.26718619268223,0,0,0,0,0,0
90.79166105405275,0,0,0,0,0,0
90.79166105405275,1,0,0,0,0,0
90.79166105405275,1,0,0,0,0,0
95.1811054862616,1,0,0,0,0,0
95.1811054862616,2,0,0,0,0,0
95.1811054862616,2,0,0,0,0,0
96.00290703025244,2,0,0,0,0,0
96.00290703025244,3,0,0,0,0,0
96.00290703025244,3,0,0,0,0,0
98.17969679691149,3,0,0,0,0,0
98.17969679691149,4,0,0,0,0,0
98.17969679691149,0,1,1,0,1,1
98.85170567116822,0,1,1,0,1,1
98.85170567116822,1,1,1,0,1,1
98.85170567116822,1,1,1,0,1,1
99.3697762600088,1,1,1,0,1,1
99.3697762600088,1,1,1,0,0,1
99.3697762600088,1,1,1,0,0,1
99.52062969086742,1,1,1,0,0,1
99.52062969086742,1,0,1,0,0,1
99.52062969086742,1,0,1,0,0,1
100.51792441503703,1,0,1,0,0,1
100.51792441503703,1,0,0,0,0,1
100.51792441503703,1,0,0,0,0,1
101.08318650487257,1,0,0,0,0,1
101.08318650487257,2,0,0,0,0,1
101.08318650487257,2,0,0,0,0,1
101.32627276492124,2,0,0,0,0,1
101.32627276492124,2,0,0,0,0,0
101.32627276492124,2,0,0,0,0,0
101.68190831505402,2,0,0,0,0,0
101.68190831505402,3,0,0,0,0,0
101.68190831505402,3,0,0,0,0,0
102.77792506857111,3,0,0,0,0,0
102.77792506857111,4,0,0,0,0,0
102.77792506857111,0,1,1,0,1,1
102.91098082235274,0,1,1,0,1,1
102.91098082235274,1,1,1,0,1,1
102.91098082235274,1,1,1,0,1,1
104.81699492518459,1,1,1,0,1,1
104.81699492518459,1,0,1,0,1,1
104.81699492518459,1,0,1,0,1,1
105.20941852364223,1,0,1,0,1,1
105.20941852364223,1,0,1,0,0,1
105.20941852364223,1,0,1,0,0,1
105.73726975854258,1,0,1,0,0,1
105.73726975854258,1,0,0,0,0,1
105.73726975854258,1,0,0,0,0,1
106.2046926168638,1,0,0,0,0,1
106.2046926168638,2,0,0,0,0,1
106.2046926168638,2,0,0,0,0,1
106.28668093932502,2,0,0,0,0,1
106.28668093932502,2,0,0,0,0,0
106.28668093932502,2,0,0,0,0,0
106.29789812153594,2,0,0,0,0,0
106.29789812153594,3,0,0,0,0,0
106.29789812153594,3,0,0,0,0,0
106.32941946969827,3,0,0,0,0,0
106.32941946969827,4,0,0,0,0,0
106.32941946969827,0,1,1,1,1,0
107.76665332088243,0,1,1,1,1,0
107.76665332088243,0,0,1,1,1,0
107.76665332088243,0,0,1,1,1,0
108.63183806322095,0,0,1,1,1,0
108.63183806322095,0,0,1,1,0,0
108.63183806322095,0,0,1,1,0,0
108.76527264558571,0,0,1,1,0,0
108.76527264558571,0,0,1,0,0,0
108.76527264558571,0,0,1,0,0,0
109.27532759364675,0,0,1,0,0,0
109.27532759364675,0,0,0,0,0,0
109.27532759364675,0,0,0,0,0,0
109.97166487419571,0,0,0,0,0,0
109.97166487419571,1,0,0,0,0,0
109.97166487419571,1,0,0,0,0,0
110.20668530290295,1,0,0,0,0,0
110.20668530290295,2,0,0,0,0,0
110.20668530290295,2,0,0,0,0,0
112.43808796651184,2,0,0,0,0,0
112.43808796651184,3,0,0,0,0,0
112.43808796651184,3,0,0,0,0,0
112.65493402965274,3,0,0,0,0,0
112.65493402965274,4,0,0,0,0,0
112.65493402965274,0,1,1,1,0,1
112.66720348877914,0,1,1,1,0,1
112.66720348877914,1,1,1,1,0,1
112.66720348877914,1,1,1,1,0,1
113.90444504532528,1,1,1,1,0,1
113.90444504532528,1,1,0,1,0,1
113.90444504532528,1,1,0,1,0,1
114.07974975181655,1,1,0,1,0,1
114.07974975181655,1,0,0,1,0,1
114.07974975181655,1,0,0,1,0,1
114.1031181699593,1,0,0,1,0,1
114.1031181699593,1,0,0,0,0,1
114.1031181699593,1,0,0,0,0,1
114.10796254542456,1,0,0,0,0,1
114.10796254542456,1,0,0,0,0,0
114.10796254542456,1,0,0,0,0,0
115.98628026857527,1,0,0,0,0,0
115.98628026857527,2,0,0,0,0,0
115.98628026857527,2,0,0,0,0,0
120.10532931943945,2,0,0,0,0,0
120.10532931943945,3,0,0,0,0,0
120.10532931943945,3,0,0,0,0,0
125.61762881408357,3,0,0,0,0,0
125.61762881408357,4,0,0,0,0,0
125.61762881408357,0,1,0,1,1,1
125.6354997307367,0,1,0,1,1,1
125.6354997307367,1,1,0,1,1,1
125.6354997307367,1,1,0,1,1,1
126.61324914411324,1,1,0,1,1,1
126.61324914411324,2,1,0,1,1,1
126.61324914411324,2,1,0,1,1,1
126.882914511467,2,1,0,1,1,1
126.882914511467,2,0,0,1,1,1
126.882914511467,2,0,0,1,1,1
126.95834990326787,2,0,0,1,1,1
126.95834990326787,2,0,0,0,1,1
126.95834990326787,2,0,0,0,1,1
127.45983143211633,2,0,0,0,1,1
127.45983143211633,3,0,0,0,1,1
127.45983143211633,3,0,0,0,1,1
127.78692864460098,3,0,0,0,1,1
127.78692864460098,3,0,0,0,1,0
127.78692864460098,3,0,0,0,1,0
127.98080207795857,3,0,0,0,1,0
127.98080207795857,3,0,0,0,0,0
127.98080207795857,3,0,0,0,0,0
131.18815666472406,3,0,0,0,0,0
131.18815666472406,4,0,0,0,0,0
131.18815666472406,0,1,0,1,1,1
131.74462749133514,0,1,0,1,1,1
131.74462749133514,1,1,0,1,1,1
131.74462749133514,1,1,0,1,1,1
131.7458676511355,1,1,0,1,1,1
131.7458676511355,2,1,0,1,1,1
131.7458676511355,2,1,0,1,1,1
131.96832756392982,2,1,0,1,1,1
131.96832756392982,3,1,0,1,1,1
131.96832756392982,3,1,0,1,1,1
132.16912297290742,3,1,0,1,1,1
132.16912297290742,4,1,0,1,1,1
132.16912297290742,0,2,1,1,2,2
132.2754605514784,0,2,1,1,2,2
132.2754605514784,1,2,1,1,2,2
132.2754605514784,1,2,1,1,2,2
133.90213684718975,1,2,1,1,2,2
133.90213684718975,1,2,1,1,2,1
133.90213684718975,1,2,1,1,2,1
134.04847469477065,1,2,1,1,2,1
134.04847469477065,1,1,1,1,2,1
134.04847469477065,1,1,1,1,2,1
134.43764928174292,1,1,1,1,2,1
134.43764928174292,1,1,1,0,2,1
134.43764928174292,1,1,1,0,2,1
134.51692670656848,1,1,1,0,2,1
134.51692670656848,1,1,1,0,1,1
134.51692670656848,1,1,1,0,1,1
135.00410739938926,1,1,1,0,1,1
135.00410739938926,1,1,0,0,1,1
135.00410739938926,1,1,0,0,1,1
135.73423812637182,1,1,0,0,1,1
135.73423812637182,1,1,0,0,1,0
135.73423812637182,1,1,0,0,1,0
136.60705105331468,1,1,0,0,1,0
136.60705105331468,1,1,0,0,0,0
136.60705105331468,1,1,0,0,0,0
137.24720848849682,1,1,0,0,0,0
137.24720848849682,1,0,0,0,0,0
137.24720848849682,1,0,0,0,0,0
137.4574167271406,1,0,0,0,0,0
137.4574167271406,2,0,0,0,0,0
137.4574167271406,2,0,0,0,0,0
140.8219429297334,2,0,0,0,0,0
140.8219429297334,3,0,0,0,0,0
140.8219429297334,3,0,0,0,0,0
140.93565615119616,3,0,0,0,0,0
140.93565615119616,4,0,0,0,0,0
140.93565615119616,0,1,1,1,0,1
142.55408491458553,0,1,1,1,0,1
142.55408491458553,0,1,1,1,0,0
142.55408491458553,0,1,1,1,0,0
142.62459405117028,0,1,1,1,0,0
142.62459405117028,0,1,1,0,0,0
142.62459405117028,0,1,1,0,0,0
143.2949795067358,0,1,1,0,0,0
143.2949795067358,1,1,1,0,0,0
143.2949795067358,1,1,1,0,0,0
143.6625452494415,1,1,1,0,0,0
143.6625452494415,1,1,0,0,0,0
143.6625452494415,1,1,0,0,0,0
143.71421626606548,1,1,0,0,0,0
143.71421626606548,1,0,0,0,0,0
143.71421626606548,1,0,0,0,0,0
145.2242717503253,1,0,0,0,0,0
145.2242717503253,2,0,0,0,0,0
145.2242717503253,2,0,0,0,0,0
148.19539552923504,2,0,0,0,0,0
148.19539552923504,3,0,0,0,0,0
148.19539552923504,3,0,0,0,0,0
149.73628554431127,3,0,0,0,0,0
149.73628554431127,4,0,0,0,0,0
149.73628554431127,0,1,1,1,1,0
150.98771152319247,0,1,1,1,1,0
150.98771152319247,1,1,1,1,1,0
150.98771152319247,1,1,1,1,1,0
151.15494301678856,1,1,1,1,1,0
151.15494301678856,1,1,1,0,1,0
151.15494301678856,1,1,1,0,1,0
151.63430175565355,1,1,1,0,1,0
151.63430175565355,2,1,1,0,1,0
151.63430175565355,2,1,1,0,1,0
151.72967370347394,2,1,1,0,1,0
151.72967370347394,2,0,1,0,1,0
151.72967370347394,2,0,1,0,1,0
152.45003715310645,2,0,1,0,1,0
152.45003715310645,2,0,0,0,1,0
152.45003715310645,2,0,0,0,1,0
152.82972423370848,2,0,0,0,1,0
152.82972423370848,2,0,0,0,0,0
152.82972423370848,2,0,0,0,0,0
153.9098212265066,2,0,0,0,0,0
153.9098212265066,3,0,0,0,0,0
153.9098212265066,3,0,0,0,0,0
155.51709352979117,3,0,0,0,0,0
155.51709352979117,4,0,0,0,0,0
155.51709352979117,0,1,1,1,0,1
155.52136684215733,0,1,1,1,0,1
155.52136684215733,1,1,1,1,0,1
155.52136684215733,1,1,1,1,0,1
156.56518245864575,1,1,1,1,0,1
156.56518245864575,2,1,1,1,0,1
156.56518245864575,2,1,1,1,0,1
156.6227876019969,2,1,1,1,0,1
156.6227876019969,2,0,1,1,0,1
156.6227876019969,2,0,1,1,0,1
156.8105673887699,2,0,1,1,0,1
156.8105673887699,3,0,1,1,0,1
156.8105673887699,3,0,1,1,0,1
157.56409327553618,3,0,1,1,0,1
157.56409327553618,4,0,1,1,0,1
157.56409327553618,0,1,1,2,1,2
157.67439179918134,0,1,1,2,1,2
157.67439179918134,0,1,1,1,1,2
157.67439179918134,0,1,1,1,1,2
157.86591897091085,0,1,1,1,1,2
157.86591897091085,1,1,1,1,1,2
157.86591897091085,1,1,1,1,1,2
157.96756480300027,1,1,1,1,1,2
157.96756480300027,2,1,1,1,1,2
157.96756480300027,2,1,1,1,1,2
158.11276442520722,2,1,1,1,1,2
158.11276442520722,3,1,1,1,1,2
158.11276442520722,3,1,1,1,1,2
158.39799500722515,3,1,1,1,1,2
158.39799500722515,3,1,0,1,1,2
158.39799500722515,3,1,0,1,1,2
158.49635520155954,3,1,0,1,1,2
158.49635520155954,3,1,0,1,1,1
158.49635520155954,3,1,0,1,1,1
159.40362053404007,3,1,0,1,1,1
159.40362053404007,3,1,0,1,0,1
159.40362053404007,3,1,0,1,0,1
159.49024612013812,3,1,0,1,0,1
159.49024612013812,4,1,0,1,0,1
159.49024612013812,0,2,1,2,1,1
159.54612504032121,0,2,1,2,1,1
159.54612504032121,1,2,1,2,1,1
159.54612504032121,1,2,1,2,1,1
159.82130332746553,1,2,1,2,1,1
159.82130332746553,2,2,1,2,1,1
159.82130332746553,2,2,1,2,1,1
160.26079384636668,2,2,1,2,1,1
160.26079384636668,2,2,1,1,1,1
160.26079384636668,2,2,1,1,1,1
160.5043707801679,2,2,1,1,1,1
160.5043707801679,2,1,1,1,1,1
160.5043707801679,2,1,1,1,1,1
161.08940878513397,2,1,1,1,1,1
161.08940878513397,2,1,0,1,1,1
161.08940878513397,2,1,0,1,1,1
161.19314867554763,2,1,0,1,1,1
161.19314867554763,3,1,0,1,1,1
161.19314867554763,3,1,0,1,1,1
162.25027831096256,3,1,0,1,1,1
162.25027831096256,3,1,0,1,1,0
162.25027831096256,3,1,0,1,1,0
162.91436893746953,3,1,0,1,1,0
162.91436893746953,4,1,0,1,1,0
162.91436893746953,0,2,1,2,2,0
163.16950423957584,0,2,1,2,2,0
163.16950423957584,0,2,1,1,2,0
163.16950423957584,0,2,1,1,2,0
163.4960092997586,0,2,1,1,2,0
163.4960092997586,0,1,1,1,2,0
163.4960092997586,0,1,1,1,2,0
163.63998302272418,0,1,1,1,2,0
163.63998302272418,0,1,1,1,1,0
163.63998302272418,0,1,1,1,1,0
164.6886325772659,0,1,1,1,1,0
164.6886325772659,0,1,0,1,1,0
164.6886325772659,0,1,0,1,1,0
166.21628662477005,0,1,0,1,1,0
166.21628662477005,0,1,0,1,0,0
166.21628662477005,0,1,0,1,0,0
166.43318830765654,0,1,0,1,0,0
166.43318830765654,1,1,0,1,0,0
166.43318830765654,1,1,0,1,0,0
166.578119759672,1,1,0,1,0,0
166.578119759672,1,1,0,0,0,0
166.578119759672,1,1,0,0,0,0
166.96941275963513,1,1,0,0,0,0
166.96941275963513,1,0,0,0,0,0
166.96941275963513,1,0,0,0,0,0
167.09633249671197,1,0,0,0,0,0
167.09633249671197,2,0,0,0,0,0
167.09633249671197,2,0,0,0,0,0
167.95941426636088,2,0,0,0,0,0
167.95941426636088,3,0,0,0,0,0
167.95941426636088,3,0,0,0,0,0
169.5816938355868,3,0,0,0,0,0
169.5816938355868,4,0,0,0,0,0
169.5816938355868,0,1,1,1,0,1
170.92836408887774,0,1,1,1,0,1
170.92836408887774,0,1,1,0,0,1
170.92836408887774,0,1,1,0,0,1
170.94972147939026,0,1,1,0,0,1
170.94972147939026,0,1,0,0,0,1
170.94972147939026,0,1,0,0,0,1
171.24179980340256,0,1,0,0,0,1
171.24179980340256,1,1,0,0,0,1
171.24179980340256,1,1,0,0,0,1
172.01038567657378,1,1,0,0,0,1
172.01038567657378,2,1,0,0,0,1
172.01038567657378,2,1,0,0,0,1
172.37127413585975,2,1,0,0,0,1
172.37127413585975,2,0,0,0,0,1
172.37127413585975,2,0,0,0,0,1
172.85036936831372,2,0,0,0,0,1
172.85036936831372,2,0,0,0,0,0
172.85036936831372,2,0,0,0,0,0
173.4732780295183,2,0,0,0,0,0
173.4732780295183,3,0,0,0,0,0
173.4732780295183,3,0,0,0,0,0
173.86541537319215,3,0,0,0,0,0
173.86541537319215,4,0,0,0,0,0
173.86541537319215,0,0,1,1,1,1
174.02713301542795,0,0,1,1,1,1
174.02713301542795,1,0,1,1,1,1
174.02713301542795,1,0,1,1,1,1
174.42165899770674,1,0,1,1,1,1
174.42165899770674,2,0,1,1,1,1
174.42165899770674,2,0,1,1,1,1
175.30370998348718,2,0,1,1,1,1
175.30370998348718,2,0,1,1,0,1
175.30370998348718,2,0,1,1,0,1
175.50868438884766,2,0,1,1,0,1
175.50868438884766,2,0,1,1,0,0
175.50868438884766,2,0,1,1,0,0
175.56314234125426,2,0,1,1,0,0
175.56314234125426,2,0,0,1,0,0
175.56314234125426,2,0,0,1,0,0
175.67991461616344,2,0,0,1,0,0
175.67991461616344,2,0,0,0,0,0
175.67991461616344,2,0,0,0,0,0
175.71628432264794,2,0,0,0,0,0
175.71628432264794,3,0,0,0,0,0
175.71628432264794,3,0,0,0,0,0
176.98729365241,3,0,0,0,0,0
176.98729365241,4,0,0,0,0,0
176.98729365241,0,0,1,1,1,1
177.12677701042105,0,0,1,1,1,1
177.12677701042105,1,0,1,1,1,1
177.12677701042105,1,0,1,1,1,1
177.99563600068365,1,0,1,1,1,1
177.99563600068365,2,0,1,1,1,1
177.99563600068365,2,0,1,1,1,1
178.31146004798597,2,0,1,1,1,1
178.31146004798597,2,0,1,0,1,1
178.31146004798597,2,0,1,0,1,1
178.5418674548683,2,0,1,0,1,1
178.5418674548683,2,0,0,0,1,1
178.5418674548683,2,0,0,0,1,1
178.7204195228031,2,0,0,0,1,1
178.7204195228031,2,0,0,0,1,0
178.7204195228031,2,0,0,0,1,0
178.9674871968147,2,0,0,0,1,0
178.9674871968147,3,0,0,0,1,0
178.9674871968147,3,0,0,0,1,0
181.50330309988198,3,0,0,0,1,0
181.50330309988198,3,0,0,0,0,0
181.50330309988198,3,0,0,0,0,0
181.99766542716938,3,0,0,0,0,0
181.99766542716938,4,0,0,0,0,0
181.99766542716938,0,1,0,1,1,1
183.30850165443928,0,1,0,1,1,1
183.30850165443928,0,1,0,1,1,0
183.30850165443928,0,1,0,1,1,0
183.32500192450794,0,1,0,1,1,0
183.32500192450794,1,1,0,1,1,0
183.32500192450794,1,1,0,1,1,0
183.38353989172512,1,1,0,1,1,0
183.38353989172512,2,1,0,1,1,0
183.38353989172512,2,1,0,1,1,0
183.67359123849886,2,1,0,1,1,0
183.67359123849886,3,1,0,1,1,0
183.67359123849886,3,1,0,1,1,0
184.04839190133114,3,1,0,1,1,0
184.04839190133114,4,1,0,1,1,0
184.04839190133114,0,1,1,1,2,2
185.1733416623846,0,1,1,1,2,2
185.1733416623846,0,1,1,1,1,2
185.1733416623846,0,1,1,1,1,2
185.226597923764,0,1,1,1,1,2
185.226597923764,0,1,1,0,1,2
185.226597923764,0,1,1,0,1,2
185.3841646661633,0,1,1,0,1,2
185.3841646661633,0,1,1,0,1,1
185.3841646661633,0,1,1,0,1,1
185.60677694853052,0,1,1,0,1,1
185.60677694853052,1,1,1,0,1,1
185.60677694853052,1,1,1,0,1,1
185.91100226436987,1,1,1,0,1,1
185.91100226436987,1,0,1,0,1,1
185.91100226436987,1,0,1,0,1,1
185.9934422750268,1,0,1,0,1,1
185.9934422750268,2,0,1,0,1,1
185.9934422750268,2,0,1,0,1,1
186.58080119437903,2,0,1,0,1,1
186.58080119437903,3,0,1,0,1,1
186.58080119437903,3,0,1,0,1,1
186.91319302393453,3,0,1,0,1,1
186.91319302393453,3,0,1,0,1,0
186.91319302393453,3,0,1,0,1,0
188.3621377805711,3,0,1,0,1,0
188.3621377805711,3,0,0,0,1,0
188.3621377805711,3,0,0,0,1,0
188.49677091562424,3,0,0,0,1,0
188.49677091562424,3,0,0,0,0,0
188.49677091562424,3,0,0,0,0,0
191.4730064554953,3,0,0,0,0,0
191.4730064554953,4,0,0,0,0,0
191.4730064554953,0,1,1,1,1,0
191.84908622294768,0,1,1,1,1,0
191.84908622294768,1,1,1,1,1,0
191.84908622294768,1,1,1,1,1,0
193.01971963674004,1,1,1,1,1,0
193.01971963674004,1,0,1,1,1,0
193.01971963674004,1,0,1,1,1,0
193.1603318591362,1,0,1,1,1,0
193.1603318591362,1,0,0,1,1,0
193.1603318591362,1,0,0,1,1,0
194.38224953845977,1,0,0,1,1,0
194.38224953845977,1,0,0,1,0,0
194.38224953845977,1,0,0,1,0,0
194.6785166857838,1,0,0,1,0,0
194.6785166857838,2,0,0,1,0,0
194.6785166857838,2,0,0,1,0,0
194.8017304494989,2,0,0,1,0,0
194.8017304494989,3,0,0,1,0,0
194.8017304494989,3,0,0,1,0,0
195.04565215770356,3,0,0,1,0,0
195.04565215770356,3,0,0,0,0,0
195.04565215770356,3,0,0,0,0,0
195.19344486904882,3,0,0,0,0,0
195.19344486904882,4,0,0,0,0,0
195.19344486904882,0,1,0,1,1,1
195.8093494490521,0,1,0,1,1,1
195.8093494490521,0,1,0,1,0,1
195.8093494490521,0,1,0,1,0,1
195.81760218011453,0,1,0,1,0,1
195.81760218011453,1,1,0,1,0,1
195.81760218011453,1,1,0,1,0,1
195.97873643541436,1,1,0,1,0,1
195.97873643541436,1,0,0,1,0,1
195.97873643541436,1,0,0,1,0,1
196.03003768018584,1,0,0,1,0,1
196.03003768018584,2,0,0,1,0,1
196.03003768018584,2,0,0,1,0,1
196.21522426694557,2,0,0,1,0,1
196.21522426694557,3,0,0,1,0,1
196.21522426694557,3,0,0,1,0,1
196.94551096631312,3,0,0,1,0,1
196.94551096631312,4,0,0,1,0,1
196.94551096631312,0,1,1,1,1,2
197.37838875942268,0,1,1,1,1,2
197.37838875942268,0,1,1,1,1,1
197.37838875942268,0,1,1,1,1,1
197.51514929591306,0,1,1,1,1,1
197.51514929591306,0,1,1,0,1,1
197.51514929591306,0,1,1,0,1,1
197.93370947509825,0,1,1,0,1,1
197.93370947509825,0,1,0,0,1,1
197.93370947509825,0,1,0,0,1,1
198.97544801452304,0,1,0,0,1,1
198.97544801452304,0,0,0,0,1,1
198.97544801452304,0,0,0,0,1,1
199.58716514702948,0,0,0,0,1,1
199.58716514702948,0,0,0,0,1,0
199.58716514702948,0,0,0,0,1,0
199.7320778810571,0,0,0,0,1,0
199.7320778810571,0,0,0,0,0,0
199.7320778810571,0,0,0,0,0,0
200.28105014791615,0,0,0,0,0,0
200.28105014791615,1,0,0,0,0,0
200.28105014791615,1,0,0,0,0,0
200.88405666741832,1,0,0,0,0,0
200.88405666741832,2,0,0,0,0,0
200.88405666741832,2,0,0,0,0,0
201.39864788660694,2,0,0,0,0,0
201.39864788660694,3,0,0,0,0,0
201.39864788660694,3,0,0,0,0,0
205.23495078978812,3,0,0,0,0,0
205.23495078978812,4,0,0,0,0,0
205.23495078978812,0,0,1,1,1,1
205.73625246549094,0,0,1,1,1,1
205.73625246549094,1,0,1,1,1,1
205.73625246549094,1,0,1,1,1,1
205.93231986010352,1,0,1,1,1,1
205.93231986010352,2,0,1,1,1,1
205.93231986010352,2,0,1,1,1,1
206.05387735301187,2,0,1,1,1,1
206.05387735301187,2,0,1,1,1,0
206.05387735301187,2,0,1,1,1,0
207.03918127021927,2,0,1,1,1,0
207.03918127021927,2,0,0,1,1,0
207.03918127021927,2,0,0,1,1,0
207.75866590572141,2,0,0,1,1,0
207.75866590572141,3,0,0,1,1,0
207.75866590572141,3,0,0,1,1,0
208.44503441832964,3,0,0,1,1,0
208.44503441832964,3,0,0,1,0,0
208.44503441832964,3,0,0,1,0,0
208.48159821171168,3,0,0,1,0,0
208.48159821171168,3,0,0,0,0,0
208.48159821171168,3,0,0,0,0,0
208.62279560193568,3,0,0,0,0,0
208.62279560193568,4,0,0,0,0,0
208.62279560193568,0,1,1,1,1,0
210.27336487342035,0,1,1,1,1,0
210.27336487342035,1,1,1,1,1,0
210.27336487342035,1,1,1,1,1,0
210.31672918941692,1,1,1,1,1,0
210.31672918941692,1,1,1,1,0,0
210.31672918941692,1,1,1,1,0,0
210.5762381796495,1,1,1,1,0,0
210.5762381796495,1,1,0,1,0,0
210.5762381796495,1,1,0,1,0,0
210.66656736498769,1,1,0,1,0,0
210.66656736498769,1,1,0,0,0,0
210.66656736498769,1,1,0,0,0,0
211.37572616585956,1,1,0,0,0,0
211.37572616585956,1,0,0,0,0,0
211.37572616585956,1,0,0,0,0,0
212.52703164581825,1,0,0,0,0,0
212.52703164581825,2,0,0,0,0,0
212.52703164581825,2,0,0,0,0,0
213.3523213286696,2,0,0,0,0,0
213.3523213286696,3,0,0,0,0,0
213.3523213286696,3,0,0,0,0,0
214.49842684784176,3,0,0,0,0,0
214.49842684784176,4,0,0,0,0,0
214.49842684784176,0,1,0,1,1,1
215.1345525650367,0,1,0,1,1,1
215.1345525650367,0,0,0,1,1,1
215.1345525650367,0,0,0,1,1,1
215.628988211593,0,0,0,1,1,1
215.628988211593,1,0,0,1,1,1
215.628988211593,1,0,0,1,1,1
216.06994573209488,1,0,0,1,1,1
216.06994573209488,1,0,0,1,1,0
216.06994573209488,1,0,0,1,1,0
216.89726565504301,1,0,0,1,1,0
216.89726565504301,1,0,0,0,1,0
216.89726565504301,1,0,0,0,1,0
216.93209306433792,1,0,0,0,1,0
216.93209306433792,2,0,0,0,1,0
216.93209306433792,2,0,0,0,1,0
218.2406734562983,2,0,0,0,1,0
218.2406734562983,3,0,0,0,1,0
218.2406734562983,3,0,0,0,1,0
218.34415201263914,3,0,0,0,1,0
218.34415201263914,3,0,0,0,0,0
218.34415201263914,3,0,0,0,0,0
218.62638650371818,3,0,0,0,0,0
218.62638650371818,4,0,0,0,0,0
218.62638650371818,0,1,1,1,0,1
219.53745068671236,0,1,1,1,0,1
219.53745068671236,0,1,1,1,0,0
219.53745068671236,0,1,1,1,0,0
220.31592829277773,0,1,1,1,0,0
220.31592829277773,0,1,1,0,0,0
220.31592829277773,0,1,1,0,0,0
221.22832293747655,0,1,1,0,0,0
221.22832293747655,0,0,1,0,0,0
221.22832293747655,0,0,1,0,0,0
221.29691522930574,0,0,1,0,0,0
221.29691522930574,0,0,0,0,0,0
221.29691522930574,0,0,0,0,0,0
222.33024418769378,0,0,0,0,0,0
222.33024418769378,1,0,0,0,0,0
222.33024418769378,1,0,0,0,0,0
222.5667961274601,1,0,0,0,0,0
222.5667961274601,2,0,0,0,0,0
222.5667961274601,2,0,0,0,0,0
223.36388873967547,2,0,0,0,0,0
223.36388873967547,3,0,0,0,0,0
223.36388873967547,3,0,0,0,0,0
223.60899857722075,3,0,0,0,0,0
223.60899857722075,4,0,0,0,0,0
223.60899857722075,0,1,0,1,1,1
223.84170247163215,0,1,0,1,1,1
223.84170247163215,1,1,0,1,1,1
223.84170247163215,1,1,0,1,1,1
224.56693242773437,1,1,0,1,1,1
224.56693242773437,2,1,0,1,1,1
224.56693242773437,2,1,0,1,1,1
224.60977659172076,2,1,0,1,1,1
224.60977659172076,3,1,0,1,1,1
224.60977659172076,3,1,0,1,1,1
225.66270473635743,3,1,0,1,1,1
225.66270473635743,3,0,0,1,1,1
225.66270473635743,3,0,0,1,1,1
225.72690939397413,3,0,0,1,1,1
225.72690939397413,3,0,0,1,0,1
225.72690939397413,3,0,0,1,0,1
225.8816915624034,3,0,0,1,0,1
225.8816915624034,3,0,0,0,0,1
225.8816915624034,3,0,0,0,0,1
226.331178334706,3,0,0,0,0,1
226.331178334706,3,0,0,0,0,0
226.331178334706,3,0,0,0,0,0
228.16604998597774,3,0,0,0,0,0
228.16604998597774,4,0,0,0,0,0
228.16604998597774,0,1,1,1,0,1
228.17775601293891,0,1,1,1,0,1
228.17775601293891,1,1,1,1,0,1
228.17775601293891,1,1,1,1,0,1
229.2101033152416,1,1,1,1,0,1
229.2101033152416,2,1,1,1,0,1
229.2101033152416,2,1,1,1,0,1
229.5678127250104,2,1,1,1,0,1
229.5678127250104,2,0,1,1,0,1
229.5678127250104,2,0,1,1,0,1
230.1471917934138,2,0,1,1,0,1
230.1471917934138,2,0,1,1,0,0
230.1471917934138,2,0,1,1,0,0
230.1808274563366,2,0,1,1,0,0
230.1808274563366,2,0,1,0,0,0
230.1808274563366,2,0,1,0,0,0
230.65807395771367,2,0,1,0,0,0
230.65807395771367,2,0,0,0,0,0
230.65807395771367,2,0,0,0,0,0
231.89680933101437,2,0,0,0,0,0
231.89680933101437,3,0,0,0,0,0
231.89680933101437,3,0,0,0,0,0
232.2017270145897,3,0,0,0,0,0
232.2017270145897,4,0,0,0,0,0
232.2017270145897,0,1,1,1,0,1
232.4738555245834,0,1,1,1,0,1
232.4738555245834,1,1,1,1,0,1
232.4738555245834,1,1,1,1,0,1
232.58469673975338,1,1,1,1,0,1
232.58469673975338,2,1,1,1,0,1
232.58469673975338,2,1,1,1,0,1
232.68984635195784,2,1,1,1,0,1
232.68984635195784,3,1,1,1,0,1
232.68984635195784,3,1,1,1,0,1
233.52615938191758,3,1,1,1,0,1
233.52615938191758,3,1,0,1,0,1
233.52615938191758,3,1,0,1,0,1
234.62163046504438,3,1,0,1,0,1
234.62163046504438,3,0,0,1,0,1
234.62163046504438,3,0,0,1,0,1
234.98230547148162,3,0,0,1,0,1
234.98230547148162,4,0,0,1,0,1
234.98230547148162,0,1,1,1,1,2
235.1478191997086,0,1,1,1,1,2
235.1478191997086,0,1,1,1,1,1
235.1478191997086,0,1,1,1,1,1
235.26562056569006,0,1,1,1,1,1
235.26562056569006,1,1,1,1,1,1
235.26562056569006,1,1,1,1,1,1
235.7572150466177,1,1,1,1,1,1
235.7572150466177,2,1,1,1,1,1
235.7572150466177,2,1,1,1,1,1
235.86092540656205,2,1,1,1,1,1
235.86092540656205,3,1,1,1,1,1
235.86092540656205,3,1,1,1,1,1
236.05191587921587,3,1,1,1,1,1
236.05191587921587,3,1,1,0,1,1
236.05191587921587,3,1,1,0,1,1
236.88758746898918,3,1,1,0,1,1
236.88758746898918,3,1,1,0,1,0
236.88758746898918,3,1,1,0,1,0
237.2164060753538,3,1,1,0,1,0
237.2164060753538,3,0,1,0,1,0
237.2164060753538,3,0,1,0,1,0
237.86274550213943,3,0,1,0,1,0
237.86274550213943,3,0,0,0,1,0
237.86274550213943,3,0,0,0,1,0
238.37343726388977,3,0,0,0,1,0
238.37343726388977,4,0,0,0,1,0
238.37343726388977,0,1,1,1,2,0
238.4834570520616,0,1,1,1,2,0
238.4834570520616,0,1,1,1,1,0
238.4834570520616,0,1,1,1,1,0
239.18099854174338,0,1,1,1,1,0
239.18099854174338,1,1,1,1,1,0
239.18099854174338,1,1,1,1,1,0
239.22484489544644,1,1,1,1,1,0
239.22484489544644,2,1,1,1,1,0
239.22484489544644,2,1,1,1,1,0
239.42918238666735,2,1,1,1,1,0
239.42918238666735,3,1,1,1,1,0
239.42918238666735,3,1,1,1,1,0
240.12366355903137,3,1,1,1,1,0
240.12366355903137,3,1,0,1,1,0
240.12366355903137,3,1,0,1,1,0
240.61651826924373,3,1,0,1,1,0
240.61651826924373,3,1,0,0,1,0
240.61651826924373,3,1,0,0,1,0
240.84523831485942,3,1,0,0,1,0
240.84523831485942,3,1,0,0,0,0
240.84523831485942,3,1,0,0,0,0
240.96584669588327,3,1,0,0,0,0
240.96584669588327,3,0,0,0,0,0
240.96584669588327,3,0,0,0,0,0
243.6674393070237,3,0,0,0,0,0
243.6674393070237,4,0,0,0,0,0
243.6674393070237,0,1,1,1,0,1
243.8706460913933,0,1,1,1,0,1
243.8706460913933,1,1,1,1,0,1
243.8706460913933,1,1,1,1,0,1
244.9807823881964,1,1,1,1,0,1
244.9807823881964,2,1,1,1,0,1
244.9807823881964,2,1,1,1,0,1
245.33760035409483,2,1,1,1,0,1
245.33760035409483,3,1,1,1,0,1
245.33760035409483,3,1,1,1,0,1
245.7408115011675,3,1,1,1,0,1
245.7408115011675,4,1,1,1,0,1
245.7408115011675,0,2,2,1,1,2
245.88935577799822,0,2,2,1,1,2
245.88935577799822,0,2,2,1,1,1
245.88935577799822,0,2,2,1,1,1
246.03528662780207,0,2,2,1,1,1
246.03528662780207,1,2,2,1,1,1
246.03528662780207,1,2,2,1,1,1
246.68645979659408,1,2,2,1,1,1
246.68645979659408,1,2,1,1,1,1
246.68645979659408,1,2,1,1,1,1
246.86782311534728,1,2,1,1,1,1
246.86782311534728,1,1,1,1,1,1
246.86782311534728,1,1,1,1,1,1
247.0443101225558,1,1,1,1,1,1
247.0443101225558,1,1,1,1,1,0
247.0443101225558,1,1,1,1,1,0
247.18463693660416,1,1,1,1,1,0
247.18463693660416,2,1,1,1,1,0
247.18463693660416,2,1,1,1,1,0
247.82022176477662,2,1,1,1,1,0
247.82022176477662,2,1,1,0,1,0
247.82022176477662,2,1,1,0,1,0
248.87229514799824,2,1,1,0,1,0
248.87229514799824,2,1,0,0,1,0
248.87229514799824,2,1,0,0,1,0
248.99496550051563,2,1,0,0,1,0
248.99496550051563,2,1,0,0,0,0
248.99496550051563,2,1,0,0,0,0
249.0540245626216,2,1,0,0,0,0
249.0540245626216,2,0,0,0,0,0
249.0540245626216,2,0,0,0,0,0
